#;Nom;Categorie;Meta description fr;;Meta description ca;;Meta description ch;;Meta description be;;Meta description lu;
1;Conditions Générales d'utilisation;Informations;Vous pouvez consulter sur cette page nos conditions générales d'utilisation des services de agents en ligne, par telephone, chat ou mail de Spiriteo.;150;Veuillez trouver ici le règlement d'utilisation général régissant les service du site Spiriteo.;95;Cette page présente les règles d'utilisation générales du site Spiriteo et de ses services.;91;Retrouvez ici les CGU qui règlementent toutes les prestations de agents présentées sur Spiriteo.;97;Prenez ici connaissance des conditions générales d'usage relatives aux prestations et services de Spiriteo;106
2;Code de déontologie;Informations;Consultez la charte de déontologie Spiriteo concernant nos services de agents en ligne, par telephone, chat ou mail.;117;Cette page met à votre disposition la charte déontologique appliquée par les experts offrant leurs services sur ce site.;120;Cette page présente les règles déontologiques de Spiriteo suivies par les spécialistes présents sur ce site;107;Retrouvez ici le code de déontologie de Spiriteo qui réglemente les prestations des conseillers présents sur ce site.;117;Veuillez trouver ici le réglement de déontologie adopté par les professionnels exerçant actuellement sur ce site.;113
13;Règles de confidentialité;Informations;Consultez sur cette page nos règles de confidentialité concernant les données utilisées par les services de agents en ligne, par telephone de Spiriteo.;152;Veuillez trouver ici les codes de confidentialité ayant rapport à l'usage de vos données personnelles recueillies sur Spiriteo.;127;Retrouvez sur cette page notre charte de confidentialité relative à l'utilisation de vos informations sur Spiriteo.;115;Cette page met à votre disposition les clauses de confidentialité relatives aux données partagées sur Spiriteo.;111;Sur cette page vous pouvez prendre connaissance du réglement de confidentialité de vos informations personnelles communiquées à Spiriteo.;137
16;Comment ça marche ?;Informations;Découvrez comment consulter nos voyants en ligne, par telephone, par chat ou par mail sur Spiriteo. Effectuez votre premiere consultation dès maintenant !;154;Découvrez les 3 étapes faciles et rapides à suivre pour faire une consultation sur Spiriteo. Qu'attendez-vous pour essayer ?;124;Retrouvez la marche à suivre pour obtenir une consultation sur Spiriteo : trois étapes faciles et vous y êtes !;111;Découvrez le fonctionnement de Spiriteo en trois étapes simples, fiables et rapides !;85;Apprenez rapidement en 3 phases simples et sûres, le déroulement d'une consultation sur Spiriteo. Allez, lancez vous !;118
136;Qui sommes-nous ?;Informations;Sur Spiriteo, nos voyants et mediums vous permettent de décider avec confiance, de trouver la paix interieure et vous donnent des conseils personnalisés.;153;Obtenir une consultation gratuite sur Spiriteo est facile ! Discutez avec les voyants les plus doués et laissez leurs conseils changer votre vie.;145;Découvrez Spiriteo et ses services, disponibles grâce aux experts des arts divinatoires et de l'ésotérisme selectionnés avec soin.;130;Découvrez Spiriteo, ses services proposés grâce à ses experts de l'ésotérisme et des arts divinatoires et ses garanties.;120;Pour une consultation agents en direct, précise et authentique, essayez les experts Spiriteo ! Nous sommes fiers d'offrir les meilleurs Voyants !;146
201;Horoscope du jour;Informations;Spiriteo vous offre gratuitement l’horoscope quotidien pour chaque signe. Découvrez si cette journée est plus propice à l’amour, au travail, à la famille.;154;Consultez gratuitement votre horscope journalier sur Spiriteo !;63;Découvrez ce que vous réserve votre horoscope quotidien sur Spiriteo !;70;Retrouvez sur Spiriteo les prédictions de votre horoscope pour la journée !;75;Votre horoscope quotidien offert gratuitement sur Spiriteo.;59
205;Devenir partenaire Spiriteo;Informations;Voici les étapes à suivre pour devenir un partenaire de Spiriteo.;65;Vous pouvez nous contacter ici, si vous désirez établir une collaboration publicitaire, d'affiliation ou autre avec Spiriteo.;125;Adressez-nous ici vos propositions d'affiliation, de publicité ou tout autre type de partenariat !;98;Vous souhaitez établir un partenariat avec Spiriteo ? Cette page vous indique la marche à suivre !;98;N'hésitez pas à nous contacter afin d'envoyer vos offres de partenariat publicitaires, d'affiliation ou autre.;110
209;Garanties Spiriteo;Informations;Les engagements et les garanties concernant les services de la agents en ligne de Spiriteo.;92;Spiriteo vous certifie le suivi des engagements et des garanties résumés sur cette page.;88;Spiriteo vous assure le respect des engagements énoncés sur cette page.;71;Spiriteo prend la responsabilité de garantir les engagements listés sur cette page.;83;Cette page atteste les engagement et les garanties des services en ligne de Spiriteo.;85
17;Questions fréquentes;Service Clients;Liste de réponses aux questions fréquentes des clients concernant la agents en ligne de Spiriteo.;98;Découvrez sur cette page les réponses aux questions les plus souvent posées par les membres de Spiriteo.;104;Retrouvez ici les questions régulières de nos utilisateurs et nos réponses à celles-ci.;87;Spiriteo répond aux questions fréquemment posées par ses utilisateurs sur ses services.;87;Cette page contient les réponses aux questions les plus fréquentes faites par les utilisateurs de Spiriteo.;107
18;Besoin d'aide ?;Service Clients;Sites ou contacts répondant à certains problemes qui ne sont pas du domaine des experts de Spiriteo.;100;Sites d' assistance à des problèmes qui ne correspondent pas aux services donnés par nos conseillers;100;Spiriteo a sélectionné les sites qui vous aideront dans les domaines non couverts par nos experts.;98;Une sélection de liens qui vous aideront à aller plus loin dans la résolution de certains problèmes.;100;Sites ou contacts pour des soutiens spécifiques ne pouvant être donnés par Spiriteo.;84
33;Consultation par telephone;Consultations;Connectez-vous au réseau de voyants et experts professionnels et consultez en direct par telephone sur Spiriteo.;112;Rejoignez sur Spiriteo le réseau de voyants et experts et discutez par telephone avec des experts choisis avec soin qu Canada.;126;Accédez sur Spiriteo aux services de agents par telephone pour la Suisse en direct avec des professionnels expérimentés et triés sur le volet. ;144;Rejoignez le portail Spiriteo en Belgique et consultez un voyant ou un expert par telephone en direct à choisir parmi une sélection de professionnels. ;151;Accédez au réseau des professionnels de la agents sur Spiriteo et dialoguez en direct par téléphone avec des voyants et experts compétents au Luxembourg.;154
34;Consultation par Email;Consultations;Connectez-vous au réseau de voyants professionnels et experts pour une consultation agents ou autre en direct par email sur Spiriteo.;134;Entrez dans le réseau de voyants Spiriteo et communiquez via email avec des spécialistes sélectionnés par nos soins au Canada.;126;Accédez à nos services de agents en direct par écrit via email pour la Suisse avec des professionnels sélectionnés avec soin par Spiriteo. ;140;Retrouvez Spiriteo depuis la Belgique pour consulter en direct un voyant ou un expert par email, à choisir parmi notre sélection d'experts.;139;Connectez-vous au réseau de professionnels de la agents et des arts divinatoires sur Spiriteo et échangez par email depuis le Luxembourg.;138
35;Consultation par Chat;Consultations;Connectez-vous au réseau de voyants professionnels et experts des arts divinatoires et de l'ésotérisme pour consulter en direct par chat sur Spiriteo.;150;Communiquez par chat en direct en vous connectant au réseau de voyants et experts des arts divinatoires sur Spiriteo sélectionnés au Canada.;140;Accédez aux services de agents en ligne et en direct par chat pour la Suisse avec des professionnels sélectionnés par Spiriteo. ;129;Rejoignez vite Spiriteo depuis la Belgique pour consulter en direct un voyant ou un expert par tchat à choisir parmi notre sélection de professionnels.;151;Rejoignez le réseau de professionnels de la agents, des arts divinaoires, de l'ésotérisme sur Spiriteo et correspondez en direct par chat au Luxembourg.;153
174;Par telephone, comment ça marche ?;Consultations;Connectez vous au réseau de voyants professionnels et experts des arts divinatoires sur Spiriteo pour consultez directement par telephone.;138;Rejoignez sur Spiriteo le réseau de voyants et discutez par telephone avec des experts choisis avec soin pour le Canada.;120;Accédez sur Spiriteo aux services de agents par telephone pour la Suisse en direct avec des professionnels expérimentés et triés sur le volet. ;144;Rejoignez le portail Spiriteo pour la Belgique et consultez un voyant par telephone et en direct à choisir parmi une sélection de professionnels. ;146;Accédez au réseau des professionnels de la agents sur Spiriteo et dialoguez en direct par téléléphone avec des voyants compétents depuis le Luxembourg.;152
175;Par Chat, comment ça marche ?;Consultations;Connectez vous au réseau de voyants professionnels et consultez en ligne nos voyants par chat sur Spiriteo.;107;Communiquez par chat en direct en vous connectant au réseau de voyants professionnels et experts des arts divinatoires de Spiriteo sélectionnés au Canada.;154;Accédez aux services de agents en ligne et en direct par chat pour la Suisse avec des experts des arts divinatoires sélectionnés par Spiriteo. ;144;Rejoignez vite Spiriteo depuis la Belgique pour consulter en direct un voyant  ou un expert par tchat à choisir parmi notre sélection de professionnels.;152;Rejoignez le réseau des professionnels de la agents sur Spiriteo et correspondez en direct par chat avec des conseillers qualifiés depuis le Luxembourg.;153
176;Par Email, comment ça marche ?;Consultations;Connectez vous au réseau de voyants professionnels et experts des arts divinatoires et de l'ésotérisme pour consulter en ligne par Email sur Spiriteo.;150;Entrez dans le réseau de voyants Spiriteo et communiquez via email avec des spécialistes sélectionnés par nos soins pour le Canada.;131;Accédez à nos services de agents en direct par écrit via email pour la Suisse avec des professionnels sélectionnés avec soin par Spiriteo. ;140;Retrouvez Spiriteo depuis la Belgique pour consulter en direct un voyant par email, à choisir parmi notre sélection d'experts.;126;Connectez vous au réseau des professionnels de la agents sur Spiriteo et échangez par  email avec des experts compétents depuis le Luxembourg.;143
14;Tarifs par telephone, Email ou Chat;Tarifs & Modalités;Découvrez maintenant les différents tarifs et avantages de nos consultations de agents en ligne, par telephone, email ou chat sur Spiriteo.;140;Sur cette page sont affichés les coûts pour chaque mode de communication offert par Spiriteo pour une consultation que ce soit par telephone, mail ou chat.;155;Spiriteo vous présente sa tarification pour chaque type de consultation sélectionné (telephone, chat ou email).;111;Retrouvez sur cette page les prix des consultations sur le site Spiriteo en fonction du support utilisé.;104;Les différents frais de consultation sont listés sur cette page pour chaque méthode de communication (telephone, email ou chat);127
15;Avantages du compte prépayé;Tarifs & Modalités;Découvrez les avantages du compte prépayé sur Spiriteo et profitez des tarifs les moins chers pour vos futures consultations de agents en ligne.;145;Découvrez les atouts et les intérêts qu'offre un compte prépayé pour votre agents en ligne sur Spiriteo.;105;Payez vos consultations au tarif le moins cher de toute la agents en ligne : l'un des nombreux atouts du compte prépayé Spiriteo !;131;Découvrez les nombreux bénéfices du compte prépayé Spiriteo et payez vos futures consultations aux prix les plus bas du web !;125;Bénificiez des nombreux avantages et des frais les moins chers du marché de la agents en ligne que vous offre le compte prépayé Spiriteo. ;139
36;Acces direct en consultation audiotel;Tarifs & Modalités;Liste des avantages d'une consultation agents audiotel sur Spiriteo.;69;Les détails des avantages d'effectuer une consultation agents par audiotel.;76;Voici les bénéfices que vous pouvez tirer d'une prestation de agents en audiotel sur Spiriteo.;95;Spiriteo vous présente les atouts que représente une consultation de agents par audiotel.;90;Enumération des intérêts de consulter par audiotel pour une agents sur Spiriteo.;81
141;Paiement par CB 100% sécurisé;Tarifs & Modalités;Spiriteo offre un moyen de paiement en ligne par carte bancaire 100% sécurisé.;78;Les paiements par carte bancaire sont parfaitement sécurisés sur Spiriteo.;74;Tous les paiements par carte bancaire que vous effectuez sur Spiriteo sont entièrement sécurisés.;97;Sur Spiriteo, réglez vos consultations par carte bancaire en toute sécurité.;76;Chez Spiriteo les versements par carte bancaire sont totalement sécurisés.;74
38;Partenaire idéal & âme soeur;agents par Themes;Quand vais-je trouver l'âme soeur ou le partenaire idéal ? Sur Spiriteo, nos experts qualifiés vous aide à trouver l'âme soeur ou le partenaire idéal.;150;Toujours à la recherche du grand amour? Nos conseillers vous accompagnent et vous guident à travers votre destin amoureux.;122;Quand allez-vous trouver un partenaire compatible avec vous ? Nos spécialistes vous aident à faire la lumière sur votre avenir sentimental.;139;Quand allez vous rencontrer le grand amour ? Nos voyants professionnels vous dévoilent votre avenir amoureux ! ;111;Vous êtes à la recherche de la personne parfaite mais vous ne savez pas comment la trouver ? Sur Spiriteo des voyants professionnels vous conseillent.;150
39;Le tarot de l'amour;agents par Themes;Le tarot de l'amour, sur Spiriteo, nos tarologues vous aident en ligne, par telephone à juger la situation actuelle ou à venir de votre couple.;143;Vous avez des doutes sur vos sentiments, sur la solidité de votre couple. Sur Spiriteo les professionnels du tarot de l'amour sont là pour vous guider.;151;Des questions d'ordre sentimental ou sexuel ? Contactez l'un de nos spécialistes du tarot amoureux en ligne pour y répondre !;125;Adressez vos questions affectives à nos experts du tarot sentimental qui vous aiguilleront sur votre vie amoureuse et sexuelle.;127;Vous avez des incertitudes dans votre vie amoureuse ou sexuelle. Sur Spiriteo, des tarologues de l'amour expérimentés vous conseillent.;135
40;Compatibilité des signes;agents par Themes;Amour et compatibilité des signes astrologiques, trouvez l'harmonie astrale de votre couple grâce à nos experts Spiriteo.;121;Demandez à nos astrologues en ligne et par telephone sur Spiriteo un calcul de compatibilité de votre signe astrologique avec un autre et son analyse..;151;L'harmonie des astres règne-t-elle sur votre couple ? Découvrez votre compatibilité astrologique amoureuse avec l'aide de nos spécialistes.;139;Vos signes sont ils en harmonie ? Nos experts font le point sur votre compatibilité astrale amoureuse en direct sur Spiriteo.;125;Sur Spiriteo, les meilleurs astrologues  sont à votre disposition en direct pour calculer votre compatibilité astrale avec un autre signe du zodiac.;148
41;Sauver son couple;agents par Themes;Que faire lorsque la flamme dans un couple ne brûle plus ? Laissez vous conseiller sur Spiriteo par nos experts pour sauver votre couple.;137;Nos voyants compétents vous guident sur Spiriteo afin que vous puissiez protéger et faire renaître la flamme de votre couple.;125;Nos spécialistes vous donnent les clés pour rallumer la flamme dans votre couple et ainsi éviter la rupture avec votre partenaire.;130;Sur Spiriteo, nos conseillers vous aident à ranimer la flamme avec votre partenaire pour préserver votre couple.;112;Nos conseillers expérimentés vous aident à conserver et raviver la flamme de votre couple qui petit à petit s'est éteint.;121
43;Famille & travail;agents par Themes;Nos experts Spiriteo vous conseillent sur la maniere de concilier le travail et la vie familiale pour un bon équilibre et une qualité de vie parfaite.;150;Allier travail et vie de famille est souvent difficile, nos conseillers Spiriteo sont là pour vous aider à trouver le bon équilibre.;132;Trouvez le juste milieu pour concilier travail et vie privée grâce aux conseils de nos experts sur Spiriteo.;108;Vous ne savez plus comment concilier vie familiale et professionnelle ? Nos spécialistes vous aident à trouver le juste équilibre.;130;Accorder son emploi avec sa vie familiale peut se révéler difficile, sur Spiriteo des professionnels vous guide pour équilibrer la balance entre les deux.;154
44;Plan famillial;agents par Themes;Savoir comment gérer votre planification familiale ou déterminer le bon moment pour une grossesse ? Nos consultants sauront vous répondre.;138;Préparer une grossesse n'est pas chose facile, laissez vous conseiller par nos experts Spiriteo sur la manière d'envisager votre planning familiale.;148;Sur Spiriteo, des professionnels vous aident dans vos prévisions familiales afin de déterminer le bon moment pour planifier une grossesse.;138;Difficile de savoir si c'est le bon moment pour prévoir sa grossesse. Sur Spiriteo, des professionnels vous aident dans cette planification.;140;Sur Spiriteo, nos conseillers vous guident pour organiser votre grossesse et votre vie de famille.;98
45;Education & encouragements;agents par Themes;Faites vous conseiller sur Spiriteo. L'éducation parentale et l'encouragement éducatif jouent un rôle primordial durant l'enfance.;130;Laissez nos experts Spiriteo vous aider dans la pédagogie à adopter avec votre enfant.;86;Bénéficiez de l'expérience de nos experts qui vous donnent les pistes à suivre pour éduquer vos enfants et les encourager.;122;Nos experts mettent leur expérience à votre service pour aiguiller le développement éducatif de votre enfant.;109;Le soutien éducatif des parents à leur enfant est capital pour leur avenir, des professionnels sont à votre écoute et vous conseillent sur Spiriteo.;148
53;Solitude;agents par Themes;La solitude choisie est souvent libératrice, en revanche lorsqu'elle est subit, il est facile de tomber dans un profond désespoir. Obtenez de l'aide.;149;Vivre seul peut souvent déboucher sur une enfermement social, nos experts expérimentés vous conseillent pour combattre cette solitude.;134;Sur Spiriteo, nos spécialistes ont l'expérience des cas de rupture du lien social et vous donneront les clés pour vaincre la solitude. ;135;Le plus difficile avec l'isolement social, c'est d'en sortir. Nos conseillers sont à votre écoute et vous apportent des solutions. ;131;Le sentiment d'être seul peut toucher chacun de nous, nos spécialistes Spiriteo vous donnent des conseils pour lutter contre ce sentiment de solitude.;150
54;Travailler son Karma;agents par Themes;Trouvez avec nos experts la meilleure façon de travailler et d'améliorer votre Karma. Laissez nous vous conseiller sur Spiriteo.;128;Chaque jour il est possible d'augmenter son Karma, les conseillers Spiriteo vous en donneront les clés.;103;Suivez les conseils de nos spécialistes pour disposer d'un bon karma sur le long terme.;87;Les experts Spiriteo vous aident à améliorer votre karma en vous indiquant les bonnes méthodes de travail à suivre.;115;Certain d'entres nous pensent que leur karma joue un rôle dans leur malchance, nos spécialistes Spiriteo vous donnent les moyen de le corriger.;143
86;Feng Shui;agents par Themes;Les meilleurs experts Spiriteo en Feng Shui en ligne, par telephone, chat ou email afin d'harmoniser les énergies de votre foyer et votre lieu de travail.;154;Nos experts Spiriteo en Feng Shui vous conseillent pour améliorer l'harmonie énergétique de votre chez soi.;107;Contactez nos conseillers pour une consultation Feng Shui qui rétablira l'harmonie dans votre domicile ou votre bureau.;119;Equilibrez les énergies en bénéficiant des meilleurs conseils en Feng Shui délivrés par nos spécialistes sur Spiriteo.;118;Nos professionnels du Feng shui vous guident afin de perfectionner l'équilibre énergétique de votre environnement.;114
87;Reiki;agents par Themes;Libérez vous de vos blocages et retrouvez l'équilibre interieur. Avec le Reiki détendez votre corps et votre esprit. Nos experts vous conseillent !;147;Sur Spiriteo, nos experts en Reiki vous prodiguent des remèdes et des soins énergétiques selon vos maux.;104;Tenté par la guérison par le Reiki ? Nos experts vous conseillent sur les soins Reiki a prodiguer à votre corps.;112;Contactez nos experts et libérez votre corps avec une thérapie énergétique de Reiki, détente absolue.;101;Nos maîtres en Reiki vous conseillent et vous guident sur Spiriteo, afin de guérir au mieux grâce aux énergies de votre propre corps.;133
99;Avenir des enfants;agents par Themes;Toutes les questions que vous vous posez sur les enfants, notamment sur leur l'avenir, trouveront une réponse par un voyant ou un expert sur Spiriteo.;150;Nos spécialistes Spiriteo vous divulguent le destin de vos enfants afin de pouvoir prendre les bonnes décisions pour leur avenir.;129;Sur Spiriteo, nos professionnels de la agents vous dévoilent leurs prédictions sur l'avenir de votre enfant pour prendre les meilleures décisions.;147;Sur Spiriteo, bénéficiez des dons de agents pour l'enfant de nos experts qui vous disent tout sur l'avenir de vos enfants.;123;Les voyants Spiriteo vous révélent de quoi le futur de vos enfants sera fait afin que vous puissiez le guider au mieux sur le bon chemin à prendre.;147
100;Anxiété & dépression;agents par Themes;Sur Spiriteo, nos experts vous aident à faire face à l'anxiété et la dépression, à retrouver le chemin du bonheur et de l'accomplissement de soi.;145;Lutter contre l'anxiété est un combat de tous les jours, sur Spiriteo  des spécialistes vous conseillent pour sortir ou éviter la dépression.;141;Parce qu'il est difficile de vaincre la dépression ou de surmonter ses angoisses tout seul, nos spécialistes peuvent vous aider à gagner ce combat.;147;Vous ne parvenez pas à vaincre vos angoisses ou à sortir de la dépression ? Venez trouver de l'aide auprès de nos conseillers.;126;Les conseillers Spiriteo vous guident pour en finir avec la dépression et maîtriser ses angoisses.;98
101;Le bien-etre;agents par Themes;Le bien-etre et la santé, se relaxer et se détendre. Profitez sur Spiriteo des conseils de nos experts sur les techniques de relaxation et de méditation.;153;Nos experts Spiriteo vous dévoilent des méthodes et des astuces pour se sentir bien dans son corps et trouver le bien-etre interieur.;133;Pas facile d'être toujours bien dans son corps ? Consultez les spécialistes Spiriteo pour bénéficiez des meilleurs conseils santé et retrouver la forme.;152;La relaxation est essentielle pour garder la forme. Sur Spiriteo, trouvez le conseiller bien-etre qui vous enseignera les meilleures méthodes.;142;les Experts Spiriteo vous dévoilent les techniques de relaxation et les différentes manières pour être en phase avec soi même et trouver le bien-etre.;150
102;Souhaits & buts;agents par Themes;Chacun a des reves et des buts à atteindre dans la vie. Nos voyants, astrologues et tarologues vous conseillent pour transformer ces désirs en réalité.;151;Chacun de nous a une liste de rêves et d'objectifs à réaliser dans une vie, nos conseillers Spiriteo vous guident afin d'atteindre vos buts.;140;Il suffit parfois d'un coup de pouce pour atteindre ses buts dans la vie. Nos spécialistes vous donnent les meilleurs conseils pour réaliser vos rêves.;151;Comment atteindre ses objectifs et faire d'un rêve une réalité ? Les experts Spiriteo vous donnent les clés de la réussite.;123;Dans la vie, accomplir ses projets et ses désirs n'est pas chose simple. Sur Spiriteo, nos experts vous conseillent pour les réussir.;133
103;Divorce & séparation;agents par Themes;Divorce, séparation, rupture, une séparation sans divorce. Nos experts sont la pour répondre à vos questions sur Spiriteo.;122;Nous ne sommes jamais assez bien préparé face à un divorce ou une séparation. Nos experts Spiriteo vous guident sur la marche à suivre.;135;Vous n'arrivez pas à surmonter une rupture ou à gérer un divorce ? Les spécialistes expérimentés de Spiriteo vous apportent leurs conseils.;139;Faire face à la rupture sentimentale ou surmonter un divorce : trouvez de l'aide sur Spiriteo auprès de nos conseillers.;120;Un divorce ou une rupture n'est jamais facile et souvent un avis extérieur est le bienvenu. Des experts compétents vous écoutent et vous conseillent.;149
104;Chagrin d'amour;agents par Themes;Nos consultants certifiés peuvent vous aider à guérir votre chagrin d'amour. N'hésitez pas à consulter nos experts sur Spiriteo pour vos chagrins d'amour.;154;La douleur d'un chagrin d'amour est souvent insoutenable, sur Spiriteo, des experts compétents vous écoutent, vous conseillent pour en finir au plus vite.;154;Sur Spiriteo, sollicitez l'aide de nos spécialistes pour soigner un cœur brisé et surmonter une déception amoureuse efficacement.;129;Vous avez le cœur brisé et le besoin d'en parler ? Nos conseillers sont là pour vous écouter et vous aider à gérer ce chagrin amoureux.;135;Difficile de trouver des remèdes aux maux d'amour quand ils vous frappent sans crier gare. Nos conseillers sont à votre écoute et vous conseillent.;147
105;Fidélité & adultere;agents par Themes;Vous n'etes pas certain de la fidélité de votre partenaire et avez peur qu'il ou elle soit infidele ? Demandez conseil à nos experts sur Spiriteo.;146;Comment réagir face à la trahison de son partenaire ? Est-ce la fin de mon couple ? Nos experts Spiriteo vous écoutent et vous conseillent.;139;Vous pensez que votre partenaire est infidèle et avez peur pour votre couple ? Sur Spiriteo, des spécialistes répondent à vos questions d'infidélité.;149;Vous pensez faire l'objet d'une tromperie, vous avez des doutes sur votre partenaire ?  Demandez les conseils de nos experts.;125;Difficile de prendre des décisions lorque l'on découvre que la personne aimée vous a trompé. Des spécialistes vous guident pour faire les bons choix.;149
106;Chômage & emploi;agents par Themes;Le chomage met beaucoup de personnes dans une situation délicate et inconfortable. Sur Spiriteo, nos consultants vous aident a trouver un moyen d'en sortir.;156;Vous êtes sans emploi ou vous venez de perdre votre job ? Vous ne savez pas quoi faire ? Sur Spiriteo, nos conseillers vous aident á rebondir.;142;Vous êtes au chomage ou avez subi une perte d'emploi et aimeriez vous en sortir ? Nos spécialistes vous viennent en aide sur Spiriteo.;134;Vous n'arrivez pas à rebondir après un licenciement ou une longue période d'inactivité ? Nos experts répondent à vos préoccupations.;132;Une perte de travail peut se transformer en une longue période de chomage. Nos experts Spiriteo vous guident afin de retrouver au plus vite une activité.;153
107;Plan de carriere;agents par Themes;L'une des étapes les plus importantes dans la vie est le choix de carriere ou de formation professionelle. Les experts Spiriteo sauront vous conseiller.;152;Dans la vie, il est primordial de prendre tôt une direction professionnelle adaptée. Des spécialistes compétents vous orientent dans vos choix.;143;Prendre la bonne orientation professionnelle au départ n'est pas donné à tous. Les experts Spiriteo vous aident à mettre toutes les chances de votre côté.;154;Retrouvez sur Spiriteo les conseils de spécialistes pour réussir votre parcours professionnel en faisant les bons choix.;120;Difficile de faire un choix sur le chemin professionnel à prendre. Il y a souvent plus d'options que l'on croit. Nos experts Spiriteo vous conseillent.;151
108;Retraite;agents par Themes;Comment profiter de vos années de retraite et au mieux de vos rentes ? Sur Spiriteo, nos experts sont là pour vous conseiller.;126;Vous voyez la retraite se profiler et ne savez comment la gérer ? Des experts compétents vous conseillent afin de savourer cette retraite bien méritée.;151;Vous ne parvenez pas à profiter de la retraite ou de vos rentes comme vous l'imaginiez ? Des spécialistes vous écoutent sur Spiriteo.;133;Vos années de travail sont derrière vous, mais comment bien vivre votre retraite ? Nos experts vous conseillent sur Spiriteo.;125;Chacun attend la retraite avec impatience, mais quand on y parrvient, souvent un vide s'installe et des inquiétudes surgissent. Les conseillers Spiriteo vous aideront à l'apprécier.;181
109;Entrepreneur & indépendance;agents par Themes;Vous voulez votre indépendance et créer votre propre entreprise, prenez conseil auprès de nos experts sur Spiriteo pour démarrer dans l'entreprenariat.;151;Vous souhaitez monter votre propre Business et devenir votre propre Boss ? Chez Spiriteo, des conseillers sont là pour vous guider.;131;Vous souhaitez devenir indépendant ? Avant de vous lancer comme auto-entrepreneur, consultez nos spécialistes sur Spiriteo.;123;Sur Spiriteo, des conseillers vous donnent tous les conseils nécessaires avant de créer votre entreprise pour prendre un bon départ.;132;Envie de bâtir votre entreprise et de devenir votre patron ? Nos experts Spiriteo vous révèlent le meilleur moment pour vous jeter à l'eau.;139
110;Formation professionnelle;agents par Themes;Sur Spiriteo, nos voyants, tarologues et astrologues qualifiés vous aident gratuitement dans les questions relatives à la formation professionnelle.;148;Vous vous trouvez devant un dilemme pour le choix de vos études  ou de votre formation professionnelle ? Sur Spiriteo, des spécialistes vous conseillent.;153;Vous devez choisir une formation mais vous hésitez ? Pour ne pas vous tromper, consultez nos spécialistes sur Spiriteo.;119;Quelles études faire pour exercer le métier dont vous rêver ? Nos conseillers se penchent sur les solutions qui vous correspondent.;131;Beaucoup d'alternatives se posent quant aux études ou à la formation professionnelle à choisir. Les conseillers Spiriteo vous guideront dans vos choix.;151
111;Conflit & vie professionnelle;agents par Themes;La résolution des conflits au travail n'est pas chose simple. Nos consultants expérimentés sur les conflits et les opportunités au travail vous guident.;152;Sur Spiriteo, des experts compétents vous aident à gérer et à solutionner les conflits au travail.;98;Sur Spiriteo, trouvez des solutions à vos problèmes de tensions et de mésentente au travail grâce aux conseils de nos spécialistes.;131;Sur Spiriteo, nos conseillers sont qualifiés pour vous aider à résoudre vos problèmes de litiges au travail avec vos collègues.;127;Un conflit dans le mileu du travail n'est jamais agréable et il vaut mieux le régler le plus rapidement. Les spécialistes Spiriteo vous conseillent.;148
119;Potentiel des enfants;agents par Themes;Reconnaître le potentiel de son enfant afin de lui favoriser la voie du succès. Sur Spiriteo nos meilleurs consultants vous aideront à le libérer.;146;Il est plus facile d'éduquer un enfant si l'on a déjà détecté ses talents. Les conseillers compétents vous aident à les découvrir et les améliorer sur Spiriteo.;160;Vous souhaitez évaluer les capacités d'un enfant afin d'accroître son potentiel ? Nos spécialistes peuvent vous éclairer.;121;Nos conseillers expérimentés vous permettent de mesurer et développer les aptitudes de votre enfant sur Spiriteo.;113;Déterminer et augmenter les capacités d'un enfant n'est pas chose simple. Les experts peuvent vous conseiller dans cette tâche.;127
161;Coach de vie privée;agents par Themes;Les coachs de vie vous aident à améliorer votre vie privée en vous aidant à identifier vos points forts et vos faiblesses et profiter de vos loisirs. ;150;Obtenez un coaching personnel pour améliorer votre vie privée et intime. Les experts Spiriteo vous écoutent et vous conseillent.;128;Bénéficiez d'un coaching de vie personnalisé en accord avec vos attentes sur Spiriteo.;86;Sur Spiriteo, trouvez un coach en développement personnel pour améliorer votre bien-etre et votre vie personnelle.;114;Sur Spiriteo, des coachs de vie sont à votre disposition pour vous guider et vous aider sur le plan personnel et privé.;119
162;Coach de vie amoureuse;agents par Themes;Sur Spiriteo, les coachs de vie vous aident à trouver la force qui se cache en vous afin de pouvoir affronter tous les obstacles dans votre vie amoureuse.;154;Le coaching en amour vous aide à faire face aux situations amoureuses difficiles et à améliorer votre relation. Les experts Spiriteo vous conseillent.;150;Reprenez le dessus sur vos problèmes de coeur en faisant appel à l'un de nos coachs en amour sur Spiriteo.;106;Vous éprouvez des difficultés d'ordre sentimental ? Sur Spiriteo, le coaching amoureux peut vous aider à régler ces problèmes et même à aller au-delà.;150;Un coach de vie en amour vous aide à faire face aux problèmes sentimentaux auxquels vous pouvez être confronté dans une relation.;129
163;Coach pour les affaires;agents par Themes;Les coachs pour les affaires de Spiriteo vous aident à trouver au fond de vous la motivation nécessaire afin de mener à bien vos entreprises et vos projets d'affaires.;167;Pour réussir dans les affaires, il est bon de prendre conseil avec des coachs d'affaires. Sur Spiriteo, des professionnels vous conseillent.;140;Découvrez sur Spiriteo le coaching d'affaires, un accompagnement professionnel personnalisé qui augmentera vos capacités de réussite.;133;Faîtes appel à un coach d'affaires pour mettre toutes vos chances de réussite professionnelle de votre côté.;108;Afin de mener à bien ses projets pour son entreprise, Spiriteo met à votre disposition des experts pour vous guider sur la voie de la réussite.;143
164;Coach des performances;agents par Themes;Les coach de vie Spiriteo vous aident à puiser les ressources essentielles afin d'améliorer vos performances en donnant des techniques de concentration.;152;Les coachs de Spiriteo vous guident et vous conseillent afin d'augmenter et d'optimiser vos performance.;104;Grâce au coaching sur Spiriteo, améliorez vos performances en sport ou en arts et fixez vous de nouveaux objectifs.;115;Repoussez vos limites grâce au coaching de performance individuel sur Spiriteo.;79;Demandez conseil aux coachs de Spiriteo afin d'accroître et de pousser vos performances au maximum.;99
64;Mon avenir;Spécialités de nos voyants;Faites une expérience unique et ne vous laissez pas surprendre par votre avenir en suivant les conseils de nos voyants en ligne grâce à leurs prédictions.;154;De quoi demain sera fait? Demandez à nos experts Spiriteo de vous dévoiler votre futur et préparez ainsi de meilleurs lendemains.;129;Que vous réserve le futur ? Venez découvrir votre avenir et ses surprises avec nos spécialistes qualifiés sur Spiriteo.;119;Comment connaître son avenir en ligne grâce à des conseillers expérimentés ? Nous avons la réponse gâce à nos experts sur Spiriteo !;132;Savoir ce qui vous attend dans les jours, les semaines ou les mois à venir est possible. Demandez aux voyants Spiriteo de vous divulguer votre avenir.;150
65;Karma & vies antérieures;Spécialités de nos voyants;Faites un voyage dans vos vies antérieures grâce à un Medium Spiriteo afin de faire les meilleurs choix. Ne laissez pas l'histoire se répéter !;143;Les Mediums Spiriteo vous feront découvrir vos vies antérieures en vous accompagnant dans un voyage spirituel exceptionnel et en direct.;136;Voyagez à travers vos vies passées sur Spiriteo en consultant d'un de nos professionnels spécialisés et découvrez les erreurs à ne pas répéter.;143;Aiguillez votre futur en découvrant vos précendantes incarnations avec un Medium expérimenté, une expérience palpitante en direct sur Spiriteo.;143;Les Mediums Spiriteo vous feront vivre une expérience unique en vous emmenant à la découverte de vos vies antérieures.;118
66;Interprétation des reves;Spécialités de nos voyants;Faites l'expérience d'une interprétation de reve par un interprete Spiriteo et apprenez davantage sur les interprétations et les symboles des reves.;148;Comprendre la signification d'un reve peut changer le cours du destin. Des interprètes compétents vous dévoilent ce qui se cache derriére vos chimères.;151;Consultez un de nos experts qualifiés sur Spiriteo afin de découvrir la signification des reves qui vous interpellent.;118;Sur Spiriteo, un interprète expert de la symbolique des reves analyse vos songes en direct et vous en dévoile les sens cachés. ;127;Les experts Spiriteo vous expliquent le sens de vos reves et vous font découvrir la signification de vos chimères et leurs portées dans votre inconscient.;154
67;Boule de cristal;Spécialités de nos voyants;Sur Spiriteo, consultez les meilleurs voyants de boules de cristal en ligne, par telephone, chat ou email.;106;Interrogez en ligne et par telephone nos meilleurs spécialistes en divination par boule de cristal pour obtenir des réponses claires sur votre futur.;149;Les professionnels de la agents par boule de cristal les plus qualifiés vous conseillent en ligne et par telephone sur Spiriteo.;129;Retrouvez les meilleurs experts en cristallomancie en ligne en consultation et laissez la boule de cristal vous prédire votre avenir.;133;Recevez des réponses sur votre avenir en ligne et par téléphobne en interrogeant nos experts de la agents par boule de cristal.;128
68;Pendule;Spécialités de nos voyants;Sur Spiriteo, consultez les meilleurs voyants et Mediums maniant le pendule en ligne, par telephone, chat ou email.;115;Les experts Spiriteo du pendule divinatoire mettent leur savoir à votre disposition et vous dévoilent votre avenir.;115;Nos spécialistes mettent à votre disposition leurs facultés de divination par le pendule et répondent de façon claire à vos questions.;134;Sur Spiriteo, nos experts ont l'expérience du pendule divinatoire. Venez les consulter en direct par telephone ou par écrit. ;125;Obtenez des prédictions sur votre avenir en consultant en ligne et par telephone des spécialistes du pendule divinatoire.;121
69;L'oracle des Runes;Spécialités de nos voyants;Sur Spiriteo, consultez nos experts en tirage d'oracles des runes en ligne, par telephone, chat ou email.;105;Obtenez des réponses sur votre avenir par le tirage des Runes, en consultant en ligne et par telephone nos experts Spiriteo en oracle runique.;142;Choisissez parmi nos experts en tirage runique pour trouver les réponses à vos questions sur Spiriteo.;102;Sur Spiriteo, découvrez la signification des runes en consultant en direct les meilleurs spécialistes en ligne.;111;Sur Spiriteo, obtenez une agents compléte par un tirage des Runes en en direct, en ligne et par telephone grâce à nos spécialiste de l'oracle runique.;151
70;Tarot Tzigane;Spécialités de nos voyants;Sur Spiriteo, consultez les meilleurs tarologues du tarot Tzigane en ligne, par telephone, chat ou email.;105;Consultez les meilleurs experts en taromancie pour un tirage de cartes gitanes du tarot tzigane en ligne et par telephone sur Spiriteo.;135;Faîtes votre choix parmi notre sélection des meilleurs spécialistes du tarot gitan en ligne et en direct sur Spiriteo.;118;Sur Spiriteo, consultez l'Oracle Tzigane avec les meilleurs experts tarologues disponibles en ligne et en direct.;113;Sur Spiriteo, demandez aux meilleurs taromanciens une agents complète par un tirage du tarot Tzigane en direct, en ligne et par telephone.;139
71;Tarot de l'amour;Spécialités de nos voyants;Sur Spiriteo, consultez les meilleurs tarologues du tarot de l'amour en ligne, par telephone, chat ou email.;108;Votre avenir sentimental grâce à un tirage du tarot de l'amour, en consultant en ligne, par telephone nos experts en oracle de l'amour sur Spiriteo.;148;Consultez de vrais experts du tarot sentimental sur Spiriteo et découvrez ce que vous réserve votre vie amoureuse.;114;Nous avons réuni les meilleurs tarologues spécialistes de l'amour sur Spiriteo, venez leur soumettre vos questions en direct !;126;Sur Spiriteo, demandez aux meilleurs taromanciens une agents amoureuse complète par un tirage du tarot l'amour en direct, en ligne et par telephone.;149
72;Tarot des anges;Spécialités de nos voyants;Sur Spiriteo, consultez les meilleurs tarologues du tarot des anges en ligne, par telephone, chat ou email.;107;Sur Spiriteo, nos experts en tirage du tarot des anges vous transmettent les messages de votre anges gardien en ligne et par telephone.;135;Quel message lié à votre vie vous attend ? Nos spécialistes procèdent au tirage des anges pour vous le révéler.;111;Retrouvez sur Spiriteo les meilleurs experts qui tirent l'Oracle des anges pour vous délivrer les messages qui vous attendent.;126;Pour connaître les messages que votre ange gardien veut vous transmettre, consultez des experts du tarot des anges pour un tirage en ligne, par telephone.;154
73;Tarot Egyptien;Spécialités de nos voyants;Sur Spiriteo, consultez les meilleurs tarologues du tarot égyptien en ligne, par telephone, chat ou email.;106;Demandez à nos tarologues une agents complète par un tirage du tarot égyptien en ligne et par telephone en direct sur Spiriteo.;128;Consultez en ligne les meilleurs spécialistes de l'Oracle égyptien et attendez vous à des réponses surprenantes !;113;Nos vrais experts du tirage égyptien mettent leurs dons à votre disposition pour analyser vos questions et y répondre.;118;Sur Spiriteo, les meilleurs taromanciens en tarot égyptien sont à votre disposition pour un tirage en ligne et par telephone.;125
74;Tarot de Marseille;Spécialités de nos voyants;Sur Spiriteo, consultez les meilleurs tarologues du tarot de Marseille en ligne, par telephone, chat ou email.;110;Demandez à nos tarologues une agents complète par un tirage du tarot de Marseille en ligne et par telephone en direct sur Spiriteo.;132;Sur Spiriteo, adressez vos questions à de vrais experts de l'Oracle de Marseille et obtenez enfin des réponses claires.;119;Nos spécialistes du tarot marseillais sont à votre écoute 24h/24 et 7j/7 en direct sur Spiriteo.;96;Sur Spiriteo, les meilleurs taromanciens en tarot de Marseille sont à votre disposition pour un tirage en ligne et par telephone.;129
75;Theme astral;Spécialités de nos voyants;Sur Spiriteo, consultez les meilleurs astrologues en ligne, par telephone, chat ou email pour calculer votre theme astral.;122;Demandez à nos astrologues un calcul et une analyse complète de votre thème astral en ligne et par telephone, en direct sur Spiriteo.;133;Sur Spiriteo, nos spécialistes se penchent sur votre thème natal et vous livrent les clés pour comprendre votre potentiel.;122;Nos experts étudient et commentent votre thème astrologique en direct pour vous aider à mieux vous connaître !;110;Sur Spiriteo, les meilleurs astrologues sont à votre disposition en direct pour calculer votre théme astral en ligne et par telephone.;134
76;ascendant astrologique;Spécialités de nos voyants;Sur Spiriteo, consultez les meilleurs astrologues en ligne, par telephone, chat ou email pour connaître votre ascendant et son impact sur votre vie.;148;Demandez à nos astrologues en ligne et par telephone, un calcul  de votre ascendant astrologique et une analyse complète de ses effets sur votre vie.;149;Découvrez l'influence de votre ascendant astral sur votre vie en consultant les meilleurs spécialistes en ce domaine sur Spiriteo.;130;Consultez les meilleurs spécialistes en ligne qui vous dévoilent votre signe ascendant et toute sa signification dans votre vie.;128;Sur Spiriteo, les meilleurs astrologues  sont à votre disposition en direct pour calculer votre ascendant astral et son influence dans votre vie.;145
77;Influence des planetes;Spécialités de nos voyants;Sur Spiriteo, consultez les meilleurs astrologues en ligne par telephone, chat ou email pour connaître l'influence des planetes sur votre signe;143;Demandez à nos astrologues en ligne et par telephone, l'impact qu'a la position des planètes sur votre signe astrologique et dans votre vie en direct.;150;Pour tout savoir de l'influence astrale sur votre signe, consultez l'un des meilleurs spécialistes en ligne sur Spiriteo.;121;Quel rôle jouent les planètes dans les signes astrologiques ? Nos experts vous expliquent tout sur Spiriteo.;108;Les meilleurs astrologues sont à votre disposition pour calculer et vous dévoiler les effets des positions des planétes sur votre signe et dans votre vie.;154
78;Compatibilité astrologique;Spécialités de nos voyants;Consultez les meilleurs astrologues en ligne par telephone, chat ou email pour connaître la compatibilité des signes astrologiques de votre couple.;147;Vérifiez avec nos astrolgues expérimentés la compatibilité zodiacal qui vous convient le mieux pour une meilleure vie amoureuse.;128;Vous souhaitez connaître l'affinité des signes astrologiques dans votre relation ? Spiriteo a réuni les meilleurs experts pour y répondre en ligne.;147;Sur Spiriteo, des experts qualifiés testent l'affinité astrale de votre couple pour lever vos doutes et questionnements.;120;Découvrez grâce à nos astrologues compétents, quels sont les signes correspondant au votre afin de pouvoir rencontrer l'amour céleste.;134
79;Votre nombre intime;Spécialités de nos voyants;Sur Spiriteo, consultez les meilleurs numérologues en ligne, par telephone, chat ou email pour calculer et interpréter votre nombre intime.;139;Demandez à nos numérologues en ligne et par telephone, un calcul  de votre numéro intime et une analyse complète de ses effets sur votre vie en direct.;151;Consultez les experts les plus qualifiés pour calculer votre élan spirituel en ligne et en direct sur Spiriteo.;111;Faîtes appel aux meilleurs spécialistes en numérologie pour calculer votre nombre d'idéalité sur Spiriteo.;106;Sur Spiriteo, les meilleurs numérologues  sont à votre disposition en direct pour calculer votre numéro intime et son influence dans votre vie.;143
82;Votre chemin de vie;Spécialités de nos voyants;Sur Spiriteo, consultez les meilleurs numérologues en ligne, par telephone, chat ou email pour une analyse précise de votre chemin de vie.;138;Demandez à nos numérologues en ligne et par telephone, un calcul  de votre chemin de vie et son analyse complète, en direct sur Spiriteo.;137;Nos spécialistes numérologues vous livrent la méthode de calcul pour trouver votre chemin de vie et vous en donnent une interprétation précise.;143;Sur Spiriteo, découvrez avec nos experts la signification exacte de votre chemin de vie et comment le calculer.;111;Sur Spiriteo, les meilleurs numérologues  sont à votre disposition en direct pour calculer votre chemin de vie et vous dévoiler son analyse.;140
95;L'oracle Belline;Spécialités de nos voyants;Sur Spiriteo, consultez les meilleurs voyants de l'Oracle de Belline en ligne, par telephone, chat ou email.;108;Demandez à nos tarologues une agents complète par un tirage du tarot de Belline en ligne et par telephone en direct sur Spiriteo.;130;Consultez les cartes de Belline sur Spiriteo avec l'aide de nos spécialistes qui vous livrent une interprétation claire et précise de cet Oracle.;145;Des experts de cet Oracle procèdent au tirage de Belline pour répondre directement à vos questions  sur Spiriteo.;113;Sur Spiriteo, les meilleurs taromanciens en tarot de Belline sont à votre disposition pour un tirage en ligne et par telephone pour une agents en direct.;154
97;Votre année personnelle;Spécialités de nos voyants;Sur Spiriteo, consultez les meilleurs numérologues en ligne, par telephone, chat ou email pour interpréter votre année personnelle en cours.;140;Demandez à nos numérologues en ligne et par telephone, un calcul  de votre année personnelle et son analyse complète, en direct sur Spiriteo.;141;Nos experts calculent la numérologie de votre année et vous aident à comprendre sa signification sur Spiriteo.;110;Sur Spiriteo, nos spécialistes de la numérologie annuelle font le point sur votre année en cours et ses conséquences sur votre futur.;133;Sur Spiriteo, les meilleurs numérologues  sont à votre disposition en direct pour calculer votre année personnelle et vous dévoiler son analyse.;144
98;Compatibilité en numérologie;Spécialités de nos voyants;Sur Spiriteo, consultez les meilleurs numérologues en ligne, par telephone, chat, email pour vérifier la compatibilité de votre couple ou de vos proches.;153;Demandez à nos numérologues en ligne et par telephone, un calcul  de la compatibilité de votre chemin de vie avec un autre et son analyse sur Spiriteo.;151;Venez tester avec nos experts la compatibilité numérologique de votre relation amoureuse, professionnelle ou amicale  sur Spiriteo.;131;Sur Spiriteo, venez testez la compatibilité de votre chemin de vie avec celui de votre partenaire amoureux ou professionnel ou d'un ami.;136;Les meilleurs numérologues sont à votre disposition pour calculer la compatibilité entre des chemins de vie en amitié, en amour ou professionnellement.;151
155;Tarot Madame Lenormand;Spécialités de nos voyants;Sur Spiriteo, consultez les meilleurs tarologues du Tarot Lenormand en ligne, par telephone, chat ou email.;107;Demandez à nos tarologues compétents une agents complète par un tirage du tarot de Madame Lenormand en ligne et par telephone en direct sur Spiriteo.;150;Sur Spiriteo, de réels spécialistes du Tarot de Mlle Lenormand sont à votre disposition pour vous tirer les cartes et vous transmettre leur signification.;154;Consultez sur Spiriteo nos experts qualifiés pour vous tirer les cartes Lenormand et obtenir leur interprétation.;113;Les meilleurs taromanciens du tarot de Madame Lenormand sont à votre disposition pour un tirage en ligne et par telephone, pour une agents en direct.;150
156;L'oracle Gé;Spécialités de nos voyants;Sur Spiriteo, consultez les meilleurs voyants de l'Oracle Gé en ligne, par telephone, chat ou email.;100;Demandez à nos tarologues une agents complète par un tirage de cartes du tarot de l'Oracle Gé en ligne et par telephone en direct sur Spiriteo.;144;Vous recherchez la meilleure interprétation de l'Oracle Gé ? Ne cherchez plus, sur Spiriteo nos experts vous donnent de vraies réponses précises.;145;Sur Spiriteo, interrogez l'Oracle Gé avec les meilleurs spécialistes en ce domaine qui vous répondent en direct et personnellement.;131;Les meilleurs taromanciens en tarot de l'Oracle Gé sont à votre disposition pour un tirage en ligne et par telephone, pour une agents pure et en direct.;153
165;Perte d'un proche;Spécialités de nos voyants;Communiquer avec l'au-delà nous permet de recevoir des messages et des réponses de proches et personnes décédées. Nos Mediums Spiriteo vous conseillent !;153;Les Mediums Spiriteo vous aident à contacter les défunts, ils servent d'intermédiaires pour faire passer les messages entre vous et l'au-delà.;142;Entrez en contact avec les disparus grâce à nos experts qui établissent le dialogue avec avec l'au-delà pour obtenir les réponses que vous cherchez.;148;Certaines questions ne trouvent de réponses que par la communication avec l'au-delà. Contactez vos proches disparus avec des spécialistes sur Spiriteo.;151;Les morts ont des messages pour vous ! Les meilleurs Mediums se mettent à votre disposition en tant qu'intermédiaire pour les transmettre de l'au-delà.;151
167;Purification & soins;Spécialités de nos voyants;Consultez les meilleurs magnétiseurs et guérisseurs en ligne ou par telephone pour des solutions aux maux provoqués par certaines énergies négatives.;149;Sur Spiriteo, des magnétiseurs aguerris vous offres leurs services pour soigner vos maux grâce au magnétisme médical.;117;Sur Spiriteo, bénéficiez des meilleurs soins énergétiques prodigués par des magnétiseurs expérimentés.;102;Sur Spiriteo, nous avons réuni les meilleurs experts en magnétisme pour vous faire bénéficier de soins de qualité.;114;Les meilleurs magnétiseurs se mettent à votre disposition sur Spiriteo pour vous guérir de certaines douleurs ou maladies par le magnétisme médicinal.;150
168;Purification des lieux;Spécialités de nos voyants;Les meilleurs magnétiseurs Spiriteo vous conseillent en ligne, par telephone, chat afin de purifier les lieux des énergies négatives qui vous entourent.;152;Sur Spiriteo, des magnétiseurs aguerris vous offrent leurs services pour équilibrer les énergies du balancement énergétique d'un lieu ou d'un endroit.;150;Vous avez besoin de conseils sur le rééquilibrage énergétique d'un endroit ? Nos spécialistes vous aident à chasser les mauvaises énergies.;139;Vous souhaitez être orienté sur le nettoyage énergétique d'un endroit ? Nos experts vous conseillent en ligne et en direct.;123;Les meilleurs magnétiseurs se mettent à votre disposition pour harmoniser ou nettoyer les énergies d'un lieu par un assainissement énergitque de l'endroit.;155
;;;;;;;;;;;;
;;;;;;;;;;;;
;;;;;;;;;;;;
;;;;;;;;;;;;
;;;;;;;;;;;;
;;;;;;;;;;;;
;;;;;;;;;;;;
